{"v":3,"t":"2025-05-01T00:26:07.831Z","c":{"b":166,"bpm":4,"tm":16},"i":["webaudiofont/Chaos/Trumpet","webaudiofont/Chaos/String Ensemble 1","webaudiofont/Chaos/Drum Kit 9","webaudiofont/Chaos/Drum Kit 1","sf2/fluidr3-gm/acoustic_grand_piano","webaudiofont/Chaos/Overdriven Guitar"],"vlm":[0.6538295913510558,0.6609724492724227,0.6809517996651786,0.6809517996651786,0.8880946568080357,0.7874015748031497],"pan":[-0.4923147465640201,0.5076853624273423,-0.29523925781250004,0.2904750279017858,-0.7285714285714286,0.6000000000000001],"tr":[{"n":[["A4",0,1],["B4",1,1],["C5",2,1],["D5",3,1],["E5",4,0.5],["A4",5,0.5],["E5",6,1],["D5",7,0.5],["E5",8,0.5],["A4",9,0.5],["F#5",10,1],["D5",11,0.5],["E5",12,4],["A5",16,0.5],["A4",17,0.5],["G5",18,1],["A4",19,0.5],["F#5",20,0.5],["G5",20.5,0.5],["F#5",21,0.5],["E5",21.5,0.5],["D5",22,0.5],["C5",23,0.5],["D5",23.5,0.5],["E5",24,1],["A4",25,0.5],["C5",26,0.5],["B4",26.5,0.5],["G4",27,0.5],["B4",27.5,0.5],["A4",28,4],["A4",32,0.5],["B4",33,0.5],["C5",34,0.5],["D5",35.5,0.5],["E5",36.5,0.5],["A4",37,0.5],["E5",38.5,0.5],["D5",39,0.5],["E5",40,0.5],["A4",41,0.5],["F#5",42.5,0.5],["D5",43,0.5],["E5",44,1.5],["A5",48,0.5],["A4",49,0.5],["G5",50,0.5],["A4",51,0.5],["F#5",52,0.5],["G5",52.5,0.5],["F#5",53,0.5],["E5",53.5,0.5],["D5",54,0.5],["C5",55,0.5],["D5",55.5,0.5],["E5",56,1],["A4",32.5,0.5],["B4",33.5,0.5],["C5",34.5,0.5],["D5",35,0.5],["E5",36,0.5],["A4",37.5,0.5],["E5",38,0.5],["D5",39.5,0.5],["E5",40.5,0.5],["A4",41.5,0.5],["F#5",42,0.5],["D5",43.5,0.5],["E5",45.5,0.5],["E5",46,1.5],["E5",47.5,0.5],["A5",48.5,0.5],["A4",49.5,0.5],["G5",50.5,0.5],["A4",51.5,0.5],["A5",57,1],["B5",58,1],["G5",59,1],["A5",60,4]]},{"n":[["A2",0,4],["E3",0,4],["A3",0,4],["C4",0,4],["F2",4,4],["F3",4,4],["C4",4,4],["A3",4,4],["D4",8,4],["A3",8,4],["F#3",8,4],["D2",8,4],["A2",12,4],["A3",12,4],["E3",12,4],["C4",12,4],["F2",16,4],["F3",16,4],["A3",16,4],["C4",16,4],["C4",20,4],["F#3",20,4],["D3",20,4],["D2",20,4],["F2",24,2],["C3",24,2],["F3",24,2],["A3",24,2],["G2",26,2],["D3",26,2],["G3",26,2],["B3",26,2],["A2",28,4],["E3",28,4],["C4",28,4],["A3",28,4],["A2",32,4],["E3",32,4],["A3",32,4],["C4",32,4],["F2",36,4],["F3",36,4],["C4",36,4],["A3",36,4],["D4",40,4],["A3",40,4],["F#3",40,4],["D2",40,4],["A2",44,4],["A3",44,4],["E3",44,4],["C4",44,4],["F2",48,4],["F3",48,4],["A3",48,4],["C4",48,4],["C4",52,4],["F#3",52,4],["D3",52,4],["D2",52,4],["F2",56,2],["C3",56,2],["F3",56,2],["A3",56,2],["G2",58,2],["D3",58,2],["G3",58,2],["B3",58,2],["A2",60,4],["E3",60,4],["D4",60,2],["A3",60,4],["C#4",62,2]]},{"n":[["E3",6,1],["E3",10,1],["A3",30,2],["E3",2,1],["A2",3,1],["A2",7,1],["A2",11,1],["E3",18,1],["E3",22,1],["E3",14,1],["A2",15,1],["A2",19,1],["A2",23,1],["D3",9.5,0.5],["F2",24,1],["G2",26,1],["A2",28,1],["E3",38,1],["E3",42,1],["A3",62,2],["E3",34,1],["A2",35,1],["A2",39,1],["A2",43,1],["E3",50,1],["E3",54,1],["E3",46,1],["A2",47,1],["A2",51,1],["A2",55,1],["D3",41.5,0.5],["F2",56,1],["G2",58,1],["A2",60,1]]},{"n":[["B3",32,0.5],["D#3",32.5,0.5],["G#2",33,0.5],["B3",34,0.5],["D#3",34.5,0.5],["G#2",35,0.5],["D#3",35.5,0.5],["B3",36,0.5],["D#3",36.5,0.5],["G#2",37,0.5],["B3",38,0.5],["D#3",38.5,0.5],["G#2",39,0.5],["D#3",39.5,0.5],["B3",40,0.5],["D#3",40.5,0.5],["G#2",41,0.5],["B3",42,0.5],["D#3",42.5,0.5],["G#2",43,0.5],["D#3",43.5,0.5],["B3",44,0.5],["D#3",44.5,0.5],["G#2",45,0.5],["B3",46,0.5],["D#3",46.5,0.5],["G#2",47,0.5],["D#3",47.5,0.5],["B3",48,0.5],["D#3",48.5,0.5],["G#2",49,0.5],["B3",50,0.5],["D#3",50.5,0.5],["G#2",51,0.5],["D#3",51.5,0.5],["B3",52,0.5],["D#3",52.5,0.5],["G#2",53,0.5],["B3",54,0.5],["D#3",54.5,0.5],["G#2",55,0.5],["D#3",55.5,0.5],["B3",56,0.5],["D#3",56.5,0.5],["G#2",57,0.5],["B3",58,0.5],["D#3",58.5,0.5],["G#2",59,0.5],["D#3",59.5,0.5],["B3",60,0.5],["D#3",60.5,0.5],["G#2",61,0.5],["B3",62,0.5],["D#3",62.5,0.5],["G#2",63,0.5],["D#3",63.5,0.5],["D#2",34,0.5],["B1",36,0.5],["B1",40,0.5],["B1",44,0.5],["B1",48,0.5],["B1",52,0.5],["B1",56,0.5],["B1",60,0.5],["D#2",38,0.5],["D#2",42,0.5],["D#2",46,0.5],["D#2",50,0.5],["D#2",54,0.5],["D#2",58,0.5],["D#2",62,0.5],["D#3",33.5,0.5],["D#3",37.5,0.5],["D#3",41.5,0.5],["D#3",45.5,0.5],["D#3",49.5,0.5],["D#3",53.5,0.5],["D#3",57.5,0.5],["D#3",61.5,0.5],["B1",32,0.5],["B1",39,0.5],["B1",51,0.5],["B1",55,0.5],["B1",55.5,0.5],["B1",58,0.5]]},{"n":[["A5",32,0.5],["B5",33,0.5],["C6",34,0.5],["D6",35.5,0.5],["E6",36.5,0.5],["A5",37,0.5],["E6",38.5,0.5],["D6",39,0.5],["E6",40,0.5],["A5",41,0.5],["F#6",42.5,0.5],["D6",43,0.5],["E6",44,1.5],["A6",48,0.5],["A5",49,0.5],["G6",50,0.5],["A5",51,0.5],["F#6",52,0.5],["G6",52.5,0.5],["F#6",53,0.5],["E6",53.5,0.5],["D6",54,0.5],["C6",55,0.5],["D6",55.5,0.5],["E6",56,1],["A5",32.5,0.5],["B5",33.5,0.5],["C6",34.5,0.5],["D6",35,0.5],["E6",36,0.5],["A5",37.5,0.5],["E6",38,0.5],["D6",39.5,0.5],["E6",40.5,0.5],["A5",41.5,0.5],["F#6",42,0.5],["D6",43.5,0.5],["E6",45.5,0.5],["E6",46,1.5],["E6",47.5,0.5],["A6",48.5,0.5],["A5",49.5,0.5],["G6",50.5,0.5],["A5",51.5,0.5],["A6",57,1],["B6",58,1],["G6",59,1],["A6",60,4]]},{"n":[["A3",32,0.5],["B3",33,0.5],["C4",34,0.5],["D4",35.5,0.5],["E4",36.5,0.5],["A3",37,0.5],["E4",38.5,0.5],["D4",39,0.5],["E4",40,0.5],["A3",41,0.5],["F#4",42.5,0.5],["D4",43,0.5],["E4",44,1.5],["A4",48,0.5],["A3",49,0.5],["G4",50,0.5],["A3",51,0.5],["F#4",52,0.5],["G4",52.5,0.5],["F#4",53,0.5],["E4",53.5,0.5],["D4",54,0.5],["C4",55,0.5],["D4",55.5,0.5],["E4",56,1],["A3",32.5,0.5],["B3",33.5,0.5],["C4",34.5,0.5],["D4",35,0.5],["E4",36,0.5],["A3",37.5,0.5],["E4",38,0.5],["D4",39.5,0.5],["E4",40.5,0.5],["A3",41.5,0.5],["F#4",42,0.5],["D4",43.5,0.5],["E4",45.5,0.5],["E4",46,1.5],["E4",47.5,0.5],["A4",48.5,0.5],["A3",49.5,0.5],["G4",50.5,0.5],["A3",51.5,0.5],["A4",57,1],["B4",58,1],["G4",59,1],["A4",60,4],["E3",31.5,0.5]]}]}