{"v":3,"t":"2025-04-29T18:24:02.037Z","c":{"b":160,"bpm":4,"tm":10},"i":["sf2/splendidgrandpiano/splendidgrandpiano","sf2/fatboy/string_ensemble_1","sf2/fatboy/string_ensemble_2","sf2/fluidr3-gm/electric_bass_pick","webaudiofont/Chaos/Drum Kit 7","sf2/musyngkite/distortion_guitar","sf2/fluidr3-gm/acoustic_guitar_steel"],"tr":[{"n":[["F4",0,2],["C5",0,2],["E5",0,2],["D5",2,2],["F4",2,2],["A#4",2,2],["F3",3.5,0.5],["F1",4,4],["F4",8,2],["C5",8,2],["E5",8,2],["F5",10,2],["F4",10,2],["A#4",10,2],["F3",11.5,0.5],["F1",12,4],["G5",16,2],["F5",18,2],["A5",20,2],["E5",22,2],["E5",24,2],["D5",26,1],["C5",16,2],["D5",20,2],["C5",18,2],["A4",16,2],["G4",18,2],["A#4",20,2],["C5",22,2],["C5",24,2],["A#4",26,2],["F4",22,2],["F4",26,2],["F4",24,2],["A1",16,4],["A#1",20,2],["C2",22,2],["D2",24,2],["E2",26,1],["F2",27,1],["G2",28,0.5],["A2",28.5,0.5],["A#2",29,0.5],["C3",29.5,0.5],["D3",30,0.5],["E3",30.5,0.5],["F3",31,0.5],["G3",31.5,0.5],["F5",30,0.25],["E5",30.25,0.25],["C5",30.5,0.25],["A4",30.75,0.25],["F4",31,0.25],["E4",31.25,0.25],["C4",31.5,0.25],["A3",31.75,0.25],["F4",32,4],["C4",32,4],["F1",32,4],["B4",32,4],["F5",32,4],["A5",32,4],["F1",36,0.5],["A6",28,0.3333333333333333],["F6",28.333333333333332,0.3333333333333333],["E6",28.666666666666664,0.3333333333333333],["F6",29,0.3333333333333333],["C6",29.333333333333332,0.3333333333333333],["A5",29.666666666666664,0.3333333333333333],["E5",27,0.5],["F5",27.5,0.5],["E6",27,0.5],["F6",27.5,0.5]]},{"n":[["E5",0,2],["D5",2,6],["A4",0,2],["A#4",2,6],["A5",0,2],["F5",2,6],["A5",8,2],["A#5",10,6],["E5",8,2],["D5",10,6],["C5",8,2],["A#4",10,6],["A#5",16,0.5],["A5",16.5,0.5],["F5",17,0.5],["A#4",17.5,0.5],["A#4",16,0.5],["A4",16.5,0.5],["F4",17,0.5],["A#3",17.5,0.5],["A#5",18,0.5],["A5",18.5,0.5],["F5",19,0.5],["A#4",19.5,0.5],["A#4",18,0.5],["A4",18.5,0.5],["F4",19,0.5],["A#3",19.5,0.5],["A#5",20,0.5],["A5",20.5,0.5],["F5",21,0.5],["A#4",21.5,0.5],["A#4",20,0.5],["A4",20.5,0.5],["F4",21,0.5],["A#3",21.5,0.5],["A#5",22,0.5],["A5",22.5,0.5],["F5",23,0.5],["A#4",23.5,0.5],["A#4",22,0.5],["A4",22.5,0.5],["F4",23,0.5],["A#3",23.5,0.5],["A#5",24,0.5],["A5",24.5,0.5],["F5",25,0.5],["A#4",25.5,0.5],["A#4",24,0.5],["A4",24.5,0.5],["F4",25,0.5],["A#3",25.5,0.5],["A#5",26,0.5],["A5",26.5,0.5],["F5",27,0.5],["A#4",27.5,0.5],["A#4",26,0.5],["A4",26.5,0.5],["F4",27,0.5],["A#3",27.5,0.5],["A#5",28,0.6666666666666666],["A5",28.666666666666664,0.6666666666666666],["F5",29.333333333333332,0.6666666666666666],["F6",30,0.6666666666666666],["E6",30.666666666666664,0.6666666666666666],["C6",31.333333333333332,0.6666666666666666],["A#4",28,0.6666666666666666],["A4",28.666666666666664,0.6666666666666666],["F4",29.333333333333332,0.6666666666666666],["A#5",30,0.6666666666666666],["A5",30.666666666666664,0.6666666666666666],["F5",31.333333333333332,0.6666666666666666],["E6",32,4],["A5",32,4],["C5",32,4],["F6",32,4]]},{"n":[["F4",16,4],["F4",24,4],["F4",20,4],["C4",18,1],["E4",19,1],["C4",22,1],["E4",23,1],["C4",26,1],["E4",27,1],["A4",28,4],["C5",28,4],["C4",28,4],["C4",32,4],["F3",32,4],["F2",32,4]]},{"n":[["F1",0,0.25],["F1",0.5,0.25],["F1",1,0.25],["F1",1.5,0.25],["F1",2,0.25],["F1",2.5,0.25],["F1",3,0.25],["F1",3.5,0.25],["F1",4,0.25],["F1",4.5,0.25],["F1",5,0.25],["F1",5.5,0.25],["F1",6,0.25],["F1",6.5,0.25],["F1",7,0.25],["F1",7.5,0.25],["F1",8,0.25],["F1",8.5,0.25],["F1",9,0.25],["F1",9.5,0.25],["F1",10,0.25],["F1",10.5,0.25],["F1",11,0.25],["F1",11.5,0.25],["F1",12,0.25],["F1",12.5,0.25],["F1",13,0.25],["F1",13.5,0.25],["F1",14,0.25],["F1",14.5,0.25],["F1",15,0.25],["F1",15.5,0.25],["A1",16,0.25],["A1",17,0.25],["A1",16.5,0.25],["A1",17.5,0.25],["A1",18,0.25],["A1",18.5,0.25],["A1",19,0.25],["A1",19.5,0.25],["A#1",20,0.25],["A#1",20.5,0.25],["A#1",21,0.25],["A#1",21.5,0.25],["C2",22,0.25],["C2",22.5,0.25],["C2",23,0.25],["C2",23.5,0.25],["D2",24,0.25],["D2",24.5,0.25],["D2",25,0.25],["D2",25.5,0.25],["E1",26,0.25],["E1",26.5,0.25],["F1",27,0.25],["F1",27.5,0.25],["G1",28,0.25],["A1",28.5,0.25],["A#1",29,0.25],["C2",29.5,0.25],["D2",30,0.25],["E2",30.5,0.25],["F2",31,0.25],["G2",31.5,0.25],["F1",32,4]]},{"n":[["B1",0,0.5],["B1",1,0.5],["B1",2,0.5],["B1",3,0.5],["B1",4,0.5],["B1",5,0.5],["B1",6,0.5],["B1",7,0.5],["B1",8,0.5],["B1",9,0.5],["B1",10,0.5],["B1",11,0.5],["B1",12,0.5],["B1",13,0.5],["B1",14.5,0.5],["B1",15,0.5],["E2",15.5,0.5],["B1",16,0.5],["B1",17.5,0.5],["B1",18,0.5],["B1",19.5,0.5],["B1",20,0.5],["B1",21.5,0.5],["B1",22,0.5],["B1",23.5,0.5],["B1",24,0.5],["B1",25.5,0.5],["B1",26,0.6666666666666666],["B1",26.666666666666664,0.6666666666666666],["B1",27.333333333333332,0.6666666666666666],["B1",28,0.6666666666666666],["B1",28.666666666666664,0.6666666666666666],["B1",29.333333333333332,0.6666666666666666],["B1",30,0.3333333333333333],["B1",31,0.3333333333333333],["B1",32,0.3333333333333333],["E2",7.5,0.5],["E2",12.5,0.5],["E2",14,0.5],["F#2",16,0.5],["F#2",18,0.5],["F#2",19,0.5],["F#2",22,0.5],["A#2",23,0.5],["F#2",24,0.5],["F#2",25,0.5],["F#2",26,0.5],["F#2",27,0.5],["F#2",17,0.5],["F#2",21,0.5],["F#2",20,0.5],["G#2",23.5,0.5],["D3",28,0.3333333333333333],["C3",28.333333333333332,0.3333333333333333],["G3",28.666666666666664,0.8333333333333333],["C3",29,0.3333333333333333],["B2",29.333333333333332,0.3333333333333333],["G3",29.666666666666664,0.6666666666666666],["B2",30,0.3333333333333333],["A2",30.333333333333332,0.3333333333333333],["G2",30.666666666666664,0.3333333333333333],["A2",31,0.3333333333333333],["F2",31.333333333333332,0.3333333333333333],["G2",31.666666666666664,0.3333333333333333],["C#3",32,2]]},{"n":[["F5",4,4],["C5",3.75,0.25],["G5",12,2],["C5",11.75,0.25],["F5",14,2],["A5",16,2],["A#5",18,2],["A5",20,2],["E5",22,0.3333333333333333],["F5",22.333333333333332,0.3333333333333333],["G5",22.666666666666664,0.3333333333333333],["A5",23,0.3333333333333333],["A#5",23.333333333333332,0.3333333333333333],["C6",23.666666666666664,0.3333333333333333],["D6",24,2],["F6",26,1.5],["E6",27.5,0.5],["F6",28,1],["A6",32,4],["E6",29,1],["F6",30,1],["G6",31,1]]},{"n":[["A3",0,0.5],["C3",0,0.5],["A3",0.5,0.5],["C3",0.5,0.5],["C3",7.5,0.5],["A3",7.5,0.5],["A3",8,0.5],["A3",8.5,0.5],["C3",8,0.5],["C3",15.5,0.5],["F3",15.5,0.5],["C3",10.5,0.5],["F3",10.5,0.5],["C3",12.5,0.5],["F3",12.5,0.5],["C3",14.5,0.5],["F3",14.5,0.5],["C3",16,0.5],["F3",16,0.5],["C3",16.5,0.5],["F3",16.5,0.5],["C3",17.5,0.5],["F3",17.5,0.5],["C3",18.5,0.5],["F3",18.5,0.5],["C3",19.5,0.5],["F3",19.5,0.5],["C3",8.5,0.5],["D3",20.5,0.5],["F3",20.5,0.5],["D3",21.5,0.5],["F3",21.5,0.5],["E3",22.5,0.5],["G3",22.5,0.5],["E3",23.5,0.5],["G3",23.5,0.5],["A3",24,0.5],["F3",24,0.5],["F3",25,0.5],["A3",25,0.5],["E3",26,0.5],["F3",27,0.5],["C3",26,0.5],["C3",27,0.5],["G3",28,0.5],["F3",28.5,0.5],["A3",29,0.5],["F3",29.5,0.5],["A#3",30,0.5],["F3",30.5,0.5],["C4",31,0.5],["F3",31.5,0.5],["C4",32,0.5],["F3",32,0.5],["A3",32,0.5]]}]}