{"v":3,"t":"2025-04-30T23:45:02.742Z","c":{"b":120,"bpm":4,"tm":4},"i":["webaudiofont/Chaos/Drum Kit 4","webaudiofont/Chaos/FX 3 (crystal)","webaudiofont/Chaos/Electric Bass (pick)"],"vlm":[0.7874015748031497,0.7874015748031497,0.7874015748031497],"pan":[0,0.35963555513118073,-0.3832829642690294],"tr":[{"n":[["B1",0,1],["D#2",1,1],["B1",2,0.5],["B1",2.5,0.5],["D#2",3,0.5],["B1",4,1],["D#2",5,1],["B1",6,0.5],["B1",6.5,0.5],["D#2",7,0.5],["B1",8,1],["D#2",9,1],["B1",10,0.5],["B1",10.5,0.5],["D#2",11,0.5],["B1",12,1],["D#2",13,1],["B1",14,0.5],["B1",14.5,0.5],["D#2",15,0.5],["B1",7.5,0.5]]},{"n":[["A2",0,4],["E3",0,4],["G3",0,4],["F#3",4,4],["E3",4,4],["A2",4,4],["A2",8,4],["E3",8,4],["G3",8,4],["A2",12,4],["E3",12,4],["A3",12,4]]},{"n":[["A2",0,0.25],["A2",0.5,0.25],["A1",3.25,0.25],["A2",4,0.25],["A2",4.5,0.25],["C3",7.25,0.75],["A2",8,0.25],["A2",8.5,0.25],["A1",11.25,0.25],["D2",12,0.25],["E2",12.5,0.25],["F2",13,0.25],["F#2",13.5,0.25],["A1",15.25,0.25]]}]}